time,event_type,vehicle_id,node,battery,status,assigned_task,task_load,target_station,total_distance,total_score
0,dispatch,0,0,120.0,moving_to_task,28,7.09,,0.0,0.0
0,step,0,0,118.5,moving_to_task,28,7.09,,1.5,0.0
0,step,1,0,120.0,idle,,0.0,,0.0,0.0
0,step,2,0,120.0,idle,,0.0,,0.0,0.0
0,step,3,0,120.0,idle,,0.0,,0.0,0.0
0,step,4,0,120.0,idle,,0.0,,0.0,0.0
1,step,0,0,117.0,moving_to_task,28,7.09,,3.0,0.0
1,step,1,0,120.0,idle,,0.0,,0.0,0.0
1,step,2,0,120.0,idle,,0.0,,0.0,0.0
1,step,3,0,120.0,idle,,0.0,,0.0,0.0
1,step,4,0,120.0,idle,,0.0,,0.0,0.0
2,step,0,0,115.5,moving_to_task,28,7.09,,4.5,0.0
2,step,1,0,120.0,idle,,0.0,,0.0,0.0
2,step,2,0,120.0,idle,,0.0,,0.0,0.0
2,step,3,0,120.0,idle,,0.0,,0.0,0.0
2,step,4,0,120.0,idle,,0.0,,0.0,0.0
3,step,0,0,114.0,moving_to_task,28,7.09,,6.0,0.0
3,step,1,0,120.0,idle,,0.0,,0.0,0.0
3,step,2,0,120.0,idle,,0.0,,0.0,0.0
3,step,3,0,120.0,idle,,0.0,,0.0,0.0
3,step,4,0,120.0,idle,,0.0,,0.0,0.0
4,task_finish,0,20,113.8619,moving_to_task,,0.0,,6.1381,95.5172
4,move_to_depot,0,20,113.8619,moving_to_depot,,0.0,,6.1381,95.5172
4,step,0,20,113.8619,moving_to_depot,,0.0,,6.1381,95.5172
4,step,1,0,120.0,idle,,0.0,,0.0,0.0
4,step,2,0,120.0,idle,,0.0,,0.0,0.0
4,step,3,0,120.0,idle,,0.0,,0.0,0.0
4,step,4,0,120.0,idle,,0.0,,0.0,0.0
5,step,0,20,112.3619,moving_to_depot,,0.0,,7.6381,95.5172
5,step,1,0,120.0,idle,,0.0,,0.0,0.0
5,step,2,0,120.0,idle,,0.0,,0.0,0.0
5,step,3,0,120.0,idle,,0.0,,0.0,0.0
5,step,4,0,120.0,idle,,0.0,,0.0,0.0
6,step,0,20,110.8619,moving_to_depot,,0.0,,9.1381,95.5172
6,step,1,0,120.0,idle,,0.0,,0.0,0.0
6,step,2,0,120.0,idle,,0.0,,0.0,0.0
6,step,3,0,120.0,idle,,0.0,,0.0,0.0
6,step,4,0,120.0,idle,,0.0,,0.0,0.0
7,step,0,20,109.3619,moving_to_depot,,0.0,,10.6381,95.5172
7,step,1,0,120.0,idle,,0.0,,0.0,0.0
7,step,2,0,120.0,idle,,0.0,,0.0,0.0
7,step,3,0,120.0,idle,,0.0,,0.0,0.0
7,step,4,0,120.0,idle,,0.0,,0.0,0.0
8,dispatch,1,0,120.0,moving_to_task,29,29.72,,0.0,0.0
8,step,0,20,107.8619,moving_to_depot,,0.0,,12.1381,95.5172
8,step,1,0,118.5,moving_to_task,29,29.72,,1.5,0.0
8,step,2,0,120.0,idle,,0.0,,0.0,0.0
8,step,3,0,120.0,idle,,0.0,,0.0,0.0
8,step,4,0,120.0,idle,,0.0,,0.0,0.0
9,reach_depot,0,0,107.7239,idle,,0.0,,12.2761,95.5172
9,step,0,0,107.7239,idle,,0.0,,12.2761,95.5172
9,step,1,0,117.0,moving_to_task,29,29.72,,3.0,0.0
9,step,2,0,120.0,idle,,0.0,,0.0,0.0
9,step,3,0,120.0,idle,,0.0,,0.0,0.0
9,step,4,0,120.0,idle,,0.0,,0.0,0.0
10,step,0,0,107.7239,idle,,0.0,,12.2761,95.5172
10,step,1,0,115.5,moving_to_task,29,29.72,,4.5,0.0
10,step,2,0,120.0,idle,,0.0,,0.0,0.0
10,step,3,0,120.0,idle,,0.0,,0.0,0.0
10,step,4,0,120.0,idle,,0.0,,0.0,0.0
11,dispatch,0,0,107.7239,moving_to_task,1,80.0,,12.2761,95.5172
11,dispatch,2,0,120.0,moving_to_task,1,40.45,,0.0,0.0
11,task_finish,1,19,114.1683,moving_to_task,,0.0,,5.8317,95.901
11,move_to_depot,1,19,114.1683,moving_to_depot,,0.0,,5.8317,95.901
11,step,0,0,106.2239,moving_to_task,1,80.0,,13.7761,95.5172
11,step,1,19,114.1683,moving_to_depot,,0.0,,5.8317,95.901
11,step,2,0,118.5,moving_to_task,1,40.45,,1.5,0.0
11,step,3,0,120.0,idle,,0.0,,0.0,0.0
11,step,4,0,120.0,idle,,0.0,,0.0,0.0
12,step,0,0,104.7239,moving_to_task,1,80.0,,15.2761,95.5172
12,step,1,19,112.6683,moving_to_depot,,0.0,,7.3317,95.901
12,step,2,0,117.0,moving_to_task,1,40.45,,3.0,0.0
12,step,3,0,120.0,idle,,0.0,,0.0,0.0
12,step,4,0,120.0,idle,,0.0,,0.0,0.0
13,step,0,3,103.2239,moving_to_task,1,80.0,,16.7761,95.5172
13,step,1,19,111.1683,moving_to_depot,,0.0,,8.8317,95.901
13,step,2,3,115.5,moving_to_task,1,40.45,,4.5,0.0
13,step,3,0,120.0,idle,,0.0,,0.0,0.0
13,step,4,0,120.0,idle,,0.0,,0.0,0.0
14,step,0,3,101.7239,moving_to_task,1,80.0,,18.2761,95.5172
14,step,1,19,109.6683,moving_to_depot,,0.0,,10.3317,95.901
14,step,2,3,114.0,moving_to_task,1,40.45,,6.0,0.0
14,step,3,0,120.0,idle,,0.0,,0.0,0.0
14,step,4,0,120.0,idle,,0.0,,0.0,0.0
15,reach_depot,1,0,108.3367,idle,,0.0,,11.6633,95.901
15,step,0,21,100.2239,moving_to_task,1,80.0,,19.7761,95.5172
15,step,1,0,108.3367,idle,,0.0,,11.6633,95.901
15,step,2,21,112.5,moving_to_task,1,40.45,,7.5,0.0
15,step,3,0,120.0,idle,,0.0,,0.0,0.0
15,step,4,0,120.0,idle,,0.0,,0.0,0.0
16,step,0,21,98.7239,moving_to_task,1,80.0,,21.2761,95.5172
16,step,1,0,108.3367,idle,,0.0,,11.6633,95.901
16,step,2,21,111.0,moving_to_task,1,40.45,,9.0,0.0
16,step,3,0,120.0,idle,,0.0,,0.0,0.0
16,step,4,0,120.0,idle,,0.0,,0.0,0.0
17,step,0,21,97.2239,moving_to_task,1,80.0,,22.7761,95.5172
17,step,1,0,108.3367,idle,,0.0,,11.6633,95.901
17,step,2,21,109.5,moving_to_task,1,40.45,,10.5,0.0
17,step,3,0,120.0,idle,,0.0,,0.0,0.0
17,step,4,0,120.0,idle,,0.0,,0.0,0.0
18,step,0,21,95.7239,moving_to_task,1,80.0,,24.2761,95.5172
18,step,1,0,108.3367,idle,,0.0,,11.6633,95.901
18,step,2,21,108.0,moving_to_task,1,40.45,,12.0,0.0
18,step,3,0,120.0,idle,,0.0,,0.0,0.0
18,step,4,0,120.0,idle,,0.0,,0.0,0.0
19,step,0,21,94.2239,moving_to_task,1,80.0,,25.7761,95.5172
19,step,1,0,108.3367,idle,,0.0,,11.6633,95.901
19,step,2,21,106.5,moving_to_task,1,40.45,,13.5,0.0
19,step,3,0,120.0,idle,,0.0,,0.0,0.0
19,step,4,0,120.0,idle,,0.0,,0.0,0.0
20,task_finish,0,17,92.7261,moving_to_task,,0.0,,27.2739,95.5172
20,move_to_depot,0,17,92.7261,moving_to_depot,,0.0,,27.2739,95.5172
20,task_finish,2,17,105.0022,moving_to_task,,0.0,,14.9978,26.934
20,move_to_depot,2,17,105.0022,moving_to_depot,,0.0,,14.9978,26.934
20,step,0,17,92.7261,moving_to_depot,,0.0,,27.2739,148.7858
20,step,1,0,108.3367,idle,,0.0,,11.6633,95.901
20,step,2,17,105.0022,moving_to_depot,,0.0,,14.9978,26.934
20,step,3,0,120.0,idle,,0.0,,0.0,0.0
20,step,4,0,120.0,idle,,0.0,,0.0,0.0
21,step,0,17,91.2261,moving_to_depot,,0.0,,28.7739,148.7858
21,step,1,0,108.3367,idle,,0.0,,11.6633,95.901
21,step,2,17,103.5022,moving_to_depot,,0.0,,16.4978,26.934
21,step,3,0,120.0,idle,,0.0,,0.0,0.0
21,step,4,0,120.0,idle,,0.0,,0.0,0.0
22,dispatch,1,0,108.3367,moving_to_task,4,80.0,,11.6633,95.901
22,dispatch,3,0,120.0,moving_to_task,4,8.8,,0.0,0.0
22,step,0,17,89.7261,moving_to_depot,,0.0,,30.2739,148.7858
22,step,1,0,106.8367,moving_to_task,4,80.0,,13.1633,95.901
22,step,2,17,102.0022,moving_to_depot,,0.0,,17.9978,26.934
22,step,3,0,118.5,moving_to_task,4,8.8,,1.5,0.0
22,step,4,0,120.0,idle,,0.0,,0.0,0.0
23,step,0,17,88.2261,moving_to_depot,,0.0,,31.7739,148.7858
23,step,1,0,105.3367,moving_to_task,4,80.0,,14.6633,95.901
23,step,2,17,100.5022,moving_to_depot,,0.0,,19.4978,26.934
23,step,3,0,117.0,moving_to_task,4,8.8,,3.0,0.0
23,step,4,0,120.0,idle,,0.0,,0.0,0.0
24,step,0,17,86.7261,moving_to_depot,,0.0,,33.2739,148.7858
24,step,1,0,103.8367,moving_to_task,4,80.0,,16.1633,95.901
24,step,2,17,99.0022,moving_to_depot,,0.0,,20.9978,26.934
24,step,3,0,115.5,moving_to_task,4,8.8,,4.5,0.0
24,step,4,0,120.0,idle,,0.0,,0.0,0.0
25,step,0,17,85.2261,moving_to_depot,,0.0,,34.7739,148.7858
25,step,1,0,102.3367,moving_to_task,4,80.0,,17.6633,95.901
25,step,2,17,97.5022,moving_to_depot,,0.0,,22.4978,26.934
25,step,3,0,114.0,moving_to_task,4,8.8,,6.0,0.0
25,step,4,0,120.0,idle,,0.0,,0.0,0.0
26,step,0,21,83.7261,moving_to_depot,,0.0,,36.2739,148.7858
26,step,1,0,100.8367,moving_to_task,4,80.0,,19.1633,95.901
26,step,2,21,96.0022,moving_to_depot,,0.0,,23.9978,26.934
26,step,3,0,112.5,moving_to_task,4,8.8,,7.5,0.0
26,step,4,0,120.0,idle,,0.0,,0.0,0.0
27,step,0,21,82.2261,moving_to_depot,,0.0,,37.7739,148.7858
27,step,1,0,99.3367,moving_to_task,4,80.0,,20.6633,95.901
27,step,2,21,94.5022,moving_to_depot,,0.0,,25.4978,26.934
27,step,3,0,111.0,moving_to_task,4,8.8,,9.0,0.0
27,step,4,0,120.0,idle,,0.0,,0.0,0.0
28,step,0,3,80.7261,moving_to_depot,,0.0,,39.2739,148.7858
28,step,1,7,97.8367,moving_to_task,4,80.0,,22.1633,95.901
28,step,2,3,93.0022,moving_to_depot,,0.0,,26.9978,26.934
28,step,3,7,109.5,moving_to_task,4,8.8,,10.5,0.0
28,step,4,0,120.0,idle,,0.0,,0.0,0.0
29,step,0,3,79.2261,moving_to_depot,,0.0,,40.7739,148.7858
29,step,1,7,96.3367,moving_to_task,4,80.0,,23.6633,95.901
29,step,2,3,91.5022,moving_to_depot,,0.0,,28.4978,26.934
29,step,3,7,108.0,moving_to_task,4,8.8,,12.0,0.0
29,step,4,0,120.0,idle,,0.0,,0.0,0.0
30,reach_depot,0,0,77.7283,idle,,0.0,,42.2717,148.7858
30,reach_depot,2,0,90.0044,idle,,0.0,,29.9956,26.934
30,step,0,0,77.7283,idle,,0.0,,42.2717,148.7858
30,step,1,7,94.8367,moving_to_task,4,80.0,,25.1633,95.901
30,step,2,0,90.0044,idle,,0.0,,29.9956,26.934
30,step,3,7,106.5,moving_to_task,4,8.8,,13.5,0.0
30,step,4,0,120.0,idle,,0.0,,0.0,0.0
31,dispatch,0,0,77.7283,moving_to_task,6,80.0,,42.2717,148.7858
31,dispatch,2,0,90.0044,moving_to_task,6,47.66,,29.9956,26.934
31,step,0,0,76.2283,moving_to_task,6,80.0,,43.7717,148.7858
31,step,1,7,93.3367,moving_to_task,4,80.0,,26.6633,95.901
31,step,2,0,88.5044,moving_to_task,6,47.66,,31.4956,26.934
31,step,3,7,105.0,moving_to_task,4,8.8,,15.0,0.0
31,step,4,0,120.0,idle,,0.0,,0.0,0.0
32,step,0,0,74.7283,moving_to_task,6,80.0,,45.2717,148.7858
32,step,1,7,91.8367,moving_to_task,4,80.0,,28.1633,95.901
32,step,2,0,87.0044,moving_to_task,6,47.66,,32.9956,26.934
32,step,3,7,103.5,moving_to_task,4,8.8,,16.5,0.0
32,step,4,0,120.0,idle,,0.0,,0.0,0.0
33,task_finish,0,3,73.5576,moving_to_task,,0.0,,46.4424,148.7858
33,move_to_depot,0,3,73.5576,moving_to_depot,,0.0,,46.4424,148.7858
33,task_finish,1,9,91.1877,moving_to_task,,0.0,,28.8123,95.901
33,move_to_depot,1,9,91.1877,moving_to_depot,,0.0,,28.8123,95.901
33,task_finish,2,3,85.8338,moving_to_task,,0.0,,34.1662,62.1004
33,move_to_depot,2,3,85.8338,moving_to_depot,,0.0,,34.1662,62.1004
33,task_finish,3,9,102.851,moving_to_task,,0.0,,17.149,7.6526
33,move_to_depot,3,9,102.851,moving_to_depot,,0.0,,17.149,7.6526
33,step,0,3,73.5576,moving_to_depot,,0.0,,46.4424,207.8147
33,step,1,9,91.1877,moving_to_depot,,0.0,,28.8123,165.4696
33,step,2,3,85.8338,moving_to_depot,,0.0,,34.1662,62.1004
33,step,3,9,102.851,moving_to_depot,,0.0,,17.149,7.6526
33,step,4,0,120.0,idle,,0.0,,0.0,0.0
34,step,0,3,72.0576,moving_to_depot,,0.0,,47.9424,207.8147
34,step,1,9,89.6877,moving_to_depot,,0.0,,30.3123,165.4696
34,step,2,3,84.3338,moving_to_depot,,0.0,,35.6662,62.1004
34,step,3,9,101.351,moving_to_depot,,0.0,,18.649,7.6526
34,step,4,0,120.0,idle,,0.0,,0.0,0.0
35,dispatch,4,0,120.0,moving_to_task,22,12.81,,0.0,0.0
35,step,0,3,70.5576,moving_to_depot,,0.0,,49.4424,207.8147
35,step,1,9,88.1877,moving_to_depot,,0.0,,31.8123,165.4696
35,step,2,3,82.8338,moving_to_depot,,0.0,,37.1662,62.1004
35,step,3,9,99.851,moving_to_depot,,0.0,,20.149,7.6526
35,step,4,0,118.5,moving_to_task,22,12.81,,1.5,0.0
36,reach_depot,0,0,69.387,idle,,0.0,,50.613,207.8147
36,reach_depot,2,0,81.6631,idle,,0.0,,38.3369,62.1004
36,step,0,0,69.387,idle,,0.0,,50.613,207.8147
36,step,1,9,86.6877,moving_to_depot,,0.0,,33.3123,165.4696
36,step,2,0,81.6631,idle,,0.0,,38.3369,62.1004
36,step,3,9,98.351,moving_to_depot,,0.0,,21.649,7.6526
36,step,4,0,117.0,moving_to_task,22,12.81,,3.0,0.0
37,task_finish,4,3,115.8294,moving_to_task,,0.0,,4.1706,97.0976
37,move_to_depot,4,3,115.8294,moving_to_depot,,0.0,,4.1706,97.0976
37,step,0,0,69.387,idle,,0.0,,50.613,207.8147
37,step,1,9,85.1877,moving_to_depot,,0.0,,34.8123,165.4696
37,step,2,0,81.6631,idle,,0.0,,38.3369,62.1004
37,step,3,9,96.851,moving_to_depot,,0.0,,23.149,7.6526
37,step,4,3,115.8294,moving_to_depot,,0.0,,4.1706,97.0976
38,dispatch,0,0,69.387,moving_to_task,15,15.78,,50.613,207.8147
38,step,0,0,67.887,moving_to_task,15,15.78,,52.113,207.8147
38,step,1,7,83.6877,moving_to_depot,,0.0,,36.3123,165.4696
38,step,2,0,81.6631,idle,,0.0,,38.3369,62.1004
38,step,3,7,95.351,moving_to_depot,,0.0,,24.649,7.6526
38,step,4,3,114.3294,moving_to_depot,,0.0,,5.6706,97.0976
39,step,0,0,66.387,moving_to_task,15,15.78,,53.613,207.8147
39,step,1,7,82.1877,moving_to_depot,,0.0,,37.8123,165.4696
39,step,2,0,81.6631,idle,,0.0,,38.3369,62.1004
39,step,3,7,93.851,moving_to_depot,,0.0,,26.149,7.6526
39,step,4,3,112.8294,moving_to_depot,,0.0,,7.1706,97.0976
40,task_finish,0,3,65.2164,moving_to_task,,0.0,,54.7836,304.9123
40,move_to_depot,0,3,65.2164,moving_to_depot,,0.0,,54.7836,304.9123
40,reach_depot,4,0,111.6587,idle,,0.0,,8.3413,97.0976
40,step,0,3,65.2164,moving_to_depot,,0.0,,54.7836,304.9123
40,step,1,7,80.6877,moving_to_depot,,0.0,,39.3123,165.4696
40,step,2,0,81.6631,idle,,0.0,,38.3369,62.1004
40,step,3,7,92.351,moving_to_depot,,0.0,,27.649,7.6526
40,step,4,0,111.6587,idle,,0.0,,8.3413,97.0976
41,step,0,3,63.7164,moving_to_depot,,0.0,,56.2836,304.9123
41,step,1,7,79.1877,moving_to_depot,,0.0,,40.8123,165.4696
41,step,2,0,81.6631,idle,,0.0,,38.3369,62.1004
41,step,3,7,90.851,moving_to_depot,,0.0,,29.149,7.6526
41,step,4,0,111.6587,idle,,0.0,,8.3413,97.0976
42,step,0,3,62.2164,moving_to_depot,,0.0,,57.7836,304.9123
42,step,1,7,77.6877,moving_to_depot,,0.0,,42.3123,165.4696
42,step,2,0,81.6631,idle,,0.0,,38.3369,62.1004
42,step,3,7,89.351,moving_to_depot,,0.0,,30.649,7.6526
42,step,4,0,111.6587,idle,,0.0,,8.3413,97.0976
43,reach_depot,0,0,61.0457,idle,,0.0,,58.9543,304.9123
43,step,0,0,61.0457,idle,,0.0,,58.9543,304.9123
43,step,1,7,76.1877,moving_to_depot,,0.0,,43.8123,165.4696
43,step,2,0,81.6631,idle,,0.0,,38.3369,62.1004
43,step,3,7,87.851,moving_to_depot,,0.0,,32.149,7.6526
43,step,4,0,111.6587,idle,,0.0,,8.3413,97.0976
44,step,0,0,61.0457,idle,,0.0,,58.9543,304.9123
44,step,1,7,74.6877,moving_to_depot,,0.0,,45.3123,165.4696
44,step,2,0,81.6631,idle,,0.0,,38.3369,62.1004
44,step,3,7,86.351,moving_to_depot,,0.0,,33.649,7.6526
44,step,4,0,111.6587,idle,,0.0,,8.3413,97.0976
45,reach_depot,1,0,74.0387,idle,,0.0,,45.9613,165.4696
45,reach_depot,3,0,85.702,idle,,0.0,,34.298,7.6526
45,step,0,0,61.0457,idle,,0.0,,58.9543,304.9123
45,step,1,0,74.0387,idle,,0.0,,45.9613,165.4696
45,step,2,0,81.6631,idle,,0.0,,38.3369,62.1004
45,step,3,0,85.702,idle,,0.0,,34.298,7.6526
45,step,4,0,111.6587,idle,,0.0,,8.3413,97.0976
46,step,0,0,61.0457,idle,,0.0,,58.9543,304.9123
46,step,1,0,74.0387,idle,,0.0,,45.9613,165.4696
46,step,2,0,81.6631,idle,,0.0,,38.3369,62.1004
46,step,3,0,85.702,idle,,0.0,,34.298,7.6526
46,step,4,0,111.6587,idle,,0.0,,8.3413,97.0976
47,step,0,0,61.0457,idle,,0.0,,58.9543,304.9123
47,step,1,0,74.0387,idle,,0.0,,45.9613,165.4696
47,step,2,0,81.6631,idle,,0.0,,38.3369,62.1004
47,step,3,0,85.702,idle,,0.0,,34.298,7.6526
47,step,4,0,111.6587,idle,,0.0,,8.3413,97.0976
48,dispatch,0,0,61.0457,moving_to_task,26,10.88,,58.9543,304.9123
48,step,0,0,59.5457,moving_to_task,26,10.88,,60.4543,304.9123
48,step,1,0,74.0387,idle,,0.0,,45.9613,165.4696
48,step,2,0,81.6631,idle,,0.0,,38.3369,62.1004
48,step,3,0,85.702,idle,,0.0,,34.298,7.6526
48,step,4,0,111.6587,idle,,0.0,,8.3413,97.0976
49,step,0,0,58.0457,moving_to_task,26,10.88,,61.9543,304.9123
49,step,1,0,74.0387,idle,,0.0,,45.9613,165.4696
49,step,2,0,81.6631,idle,,0.0,,38.3369,62.1004
49,step,3,0,85.702,idle,,0.0,,34.298,7.6526
49,step,4,0,111.6587,idle,,0.0,,8.3413,97.0976
50,step,0,0,56.5457,moving_to_task,26,10.88,,63.4543,304.9123
50,step,1,0,74.0387,idle,,0.0,,45.9613,165.4696
50,step,2,0,81.6631,idle,,0.0,,38.3369,62.1004
50,step,3,0,85.702,idle,,0.0,,34.298,7.6526
50,step,4,0,111.6587,idle,,0.0,,8.3413,97.0976
51,dispatch,1,0,74.0387,moving_to_task,20,80.0,,45.9613,165.4696
51,dispatch,2,0,81.6631,moving_to_task,20,12.66,,38.3369,62.1004
51,step,0,0,55.0457,moving_to_task,26,10.88,,64.9543,304.9123
51,step,1,0,72.5387,moving_to_task,20,80.0,,47.4613,165.4696
51,step,2,0,80.1631,moving_to_task,20,12.66,,39.8369,62.1004
51,step,3,0,85.702,idle,,0.0,,34.298,7.6526
51,step,4,0,111.6587,idle,,0.0,,8.3413,97.0976
52,step,0,0,53.5457,moving_to_task,26,10.88,,66.4543,304.9123
52,step,1,0,71.0387,moving_to_task,20,80.0,,48.9613,165.4696
52,step,2,0,78.6631,moving_to_task,20,12.66,,41.3369,62.1004
52,step,3,0,85.702,idle,,0.0,,34.298,7.6526
52,step,4,0,111.6587,idle,,0.0,,8.3413,97.0976
53,dispatch,3,0,85.702,moving_to_task,2,14.31,,34.298,7.6526
53,step,0,0,52.0457,moving_to_task,26,10.88,,67.9543,304.9123
53,step,1,0,69.5387,moving_to_task,20,80.0,,50.4613,165.4696
53,step,2,0,77.1631,moving_to_task,20,12.66,,42.8369,62.1004
53,step,3,0,84.202,moving_to_task,2,14.31,,35.798,7.6526
53,step,4,0,111.6587,idle,,0.0,,8.3413,97.0976
54,step,0,0,50.5457,moving_to_task,26,10.88,,69.4543,304.9123
54,step,1,16,68.0387,moving_to_task,20,80.0,,51.9613,165.4696
54,step,2,16,75.6631,moving_to_task,20,12.66,,44.3369,62.1004
54,step,3,0,82.702,moving_to_task,2,14.31,,37.298,7.6526
54,step,4,0,111.6587,idle,,0.0,,8.3413,97.0976
55,task_finish,0,22,50.3859,moving_to_task,,0.0,,69.6141,397.1164
55,move_to_depot,0,22,50.3859,moving_to_depot,,0.0,,69.6141,397.1164
55,step,0,22,50.3859,moving_to_depot,,0.0,,69.6141,397.1164
55,step,1,16,66.5387,moving_to_task,20,80.0,,53.4613,165.4696
55,step,2,16,74.1631,moving_to_task,20,12.66,,45.8369,62.1004
55,step,3,0,81.202,moving_to_task,2,14.31,,38.798,7.6526
55,step,4,0,111.6587,idle,,0.0,,8.3413,97.0976
56,step,0,22,48.8859,moving_to_depot,,0.0,,71.1141,397.1164
56,step,1,16,65.0387,moving_to_task,20,80.0,,54.9613,165.4696
56,step,2,16,72.6631,moving_to_task,20,12.66,,47.3369,62.1004
56,step,3,0,79.702,moving_to_task,2,14.31,,40.298,7.6526
56,step,4,0,111.6587,idle,,0.0,,8.3413,97.0976
57,task_finish,1,25,64.6656,moving_to_task,,0.0,,55.3344,165.4696
57,move_to_depot,1,25,64.6656,moving_to_depot,,0.0,,55.3344,165.4696
57,task_finish,2,25,72.29,moving_to_task,,0.0,,47.71,74.0625
57,move_to_depot,2,25,72.29,moving_to_depot,,0.0,,47.71,74.0625
57,step,0,22,47.3859,moving_to_depot,,0.0,,72.6141,397.1164
57,step,1,25,64.6656,moving_to_depot,,0.0,,55.3344,241.0598
57,step,2,25,72.29,moving_to_depot,,0.0,,47.71,74.0625
57,step,3,20,78.202,moving_to_task,2,14.31,,41.798,7.6526
57,step,4,0,111.6587,idle,,0.0,,8.3413,97.0976
58,dispatch,4,0,111.6587,moving_to_task,0,4.66,,8.3413,97.0976
58,step,0,22,45.8859,moving_to_depot,,0.0,,74.1141,397.1164
58,step,1,25,63.1656,moving_to_depot,,0.0,,56.8344,241.0598
58,step,2,25,70.79,moving_to_depot,,0.0,,49.21,74.0625
58,step,3,20,76.702,moving_to_task,2,14.31,,43.298,7.6526
58,step,4,0,110.1587,moving_to_task,0,4.66,,9.8413,97.0976
59,task_finish,3,15,75.5595,moving_to_task,,0.0,,44.4405,100.3671
59,move_to_depot,3,15,75.5595,moving_to_depot,,0.0,,44.4405,100.3671
59,step,0,22,44.3859,moving_to_depot,,0.0,,75.6141,397.1164
59,step,1,25,61.6656,moving_to_depot,,0.0,,58.3344,241.0598
59,step,2,25,69.29,moving_to_depot,,0.0,,50.71,74.0625
59,step,3,15,75.5595,moving_to_depot,,0.0,,44.4405,100.3671
59,step,4,0,108.6587,moving_to_task,0,4.66,,11.3413,97.0976
60,step,0,22,42.8859,moving_to_depot,,0.0,,77.1141,397.1164
60,step,1,16,60.1656,moving_to_depot,,0.0,,59.8344,241.0598
60,step,2,16,67.79,moving_to_depot,,0.0,,52.21,74.0625
60,step,3,15,74.0595,moving_to_depot,,0.0,,45.9405,100.3671
60,step,4,0,107.1587,moving_to_task,0,4.66,,12.8413,97.0976
61,step,0,22,41.3859,moving_to_depot,,0.0,,78.6141,397.1164
61,step,1,16,58.6656,moving_to_depot,,0.0,,61.3344,241.0598
61,step,2,16,66.29,moving_to_depot,,0.0,,53.71,74.0625
61,step,3,15,72.5595,moving_to_depot,,0.0,,47.4405,100.3671
61,step,4,0,105.6587,moving_to_task,0,4.66,,14.3413,97.0976
62,step,0,22,39.8859,moving_to_depot,,0.0,,80.1141,397.1164
62,step,1,16,57.1656,moving_to_depot,,0.0,,62.8344,241.0598
62,step,2,16,64.79,moving_to_depot,,0.0,,55.21,74.0625
62,step,3,20,71.0595,moving_to_depot,,0.0,,48.9405,100.3671
62,step,4,20,104.1587,moving_to_task,0,4.66,,15.8413,97.0976
63,reach_depot,0,0,39.726,idle,,0.0,,80.274,397.1164
63,task_finish,4,23,103.3927,moving_to_task,,0.0,,16.6073,191.138
63,move_to_depot,4,23,103.3927,moving_to_depot,,0.0,,16.6073,191.138
63,step,0,0,39.726,idle,,0.0,,80.274,397.1164
63,step,1,16,55.6656,moving_to_depot,,0.0,,64.3344,241.0598
63,step,2,16,63.29,moving_to_depot,,0.0,,56.71,74.0625
63,step,3,20,69.5595,moving_to_depot,,0.0,,50.4405,100.3671
63,step,4,23,103.3927,moving_to_depot,,0.0,,16.6073,191.138
64,reach_depot,1,0,55.2924,idle,,0.0,,64.7076,241.0598
64,reach_depot,2,0,62.9169,idle,,0.0,,57.0831,74.0625
64,step,0,0,39.726,idle,,0.0,,80.274,397.1164
64,step,1,0,55.2924,idle,,0.0,,64.7076,241.0598
64,step,2,0,62.9169,idle,,0.0,,57.0831,74.0625
64,step,3,20,68.0595,moving_to_depot,,0.0,,51.9405,100.3671
64,step,4,23,101.8927,moving_to_depot,,0.0,,18.1073,191.138
65,step,0,0,39.726,idle,,0.0,,80.274,397.1164
65,step,1,0,55.2924,idle,,0.0,,64.7076,241.0598
65,step,2,0,62.9169,idle,,0.0,,57.0831,74.0625
65,step,3,20,66.5595,moving_to_depot,,0.0,,53.4405,100.3671
65,step,4,20,100.3927,moving_to_depot,,0.0,,19.6073,191.138
66,reach_depot,3,0,65.4171,idle,,0.0,,54.5829,100.3671
66,step,0,0,39.726,idle,,0.0,,80.274,397.1164
66,step,1,0,55.2924,idle,,0.0,,64.7076,241.0598
66,step,2,0,62.9169,idle,,0.0,,57.0831,74.0625
66,step,3,0,65.4171,idle,,0.0,,54.5829,100.3671
66,step,4,20,98.8927,moving_to_depot,,0.0,,21.1073,191.138
67,step,0,0,39.726,idle,,0.0,,80.274,397.1164
67,step,1,0,55.2924,idle,,0.0,,64.7076,241.0598
67,step,2,0,62.9169,idle,,0.0,,57.0831,74.0625
67,step,3,0,65.4171,idle,,0.0,,54.5829,100.3671
67,step,4,20,97.3927,moving_to_depot,,0.0,,22.6073,191.138
68,step,0,0,39.726,idle,,0.0,,80.274,397.1164
68,step,1,0,55.2924,idle,,0.0,,64.7076,241.0598
68,step,2,0,62.9169,idle,,0.0,,57.0831,74.0625
68,step,3,0,65.4171,idle,,0.0,,54.5829,100.3671
68,step,4,20,95.8927,moving_to_depot,,0.0,,24.1073,191.138
69,reach_depot,4,0,95.1267,idle,,0.0,,24.8733,191.138
69,step,0,0,39.726,idle,,0.0,,80.274,397.1164
69,step,1,0,55.2924,idle,,0.0,,64.7076,241.0598
69,step,2,0,62.9169,idle,,0.0,,57.0831,74.0625
69,step,3,0,65.4171,idle,,0.0,,54.5829,100.3671
69,step,4,0,95.1267,idle,,0.0,,24.8733,191.138
70,step,0,0,39.726,idle,,0.0,,80.274,397.1164
70,step,1,0,55.2924,idle,,0.0,,64.7076,241.0598
70,step,2,0,62.9169,idle,,0.0,,57.0831,74.0625
70,step,3,0,65.4171,idle,,0.0,,54.5829,100.3671
70,step,4,0,95.1267,idle,,0.0,,24.8733,191.138
71,step,0,0,39.726,idle,,0.0,,80.274,397.1164
71,step,1,0,55.2924,idle,,0.0,,64.7076,241.0598
71,step,2,0,62.9169,idle,,0.0,,57.0831,74.0625
71,step,3,0,65.4171,idle,,0.0,,54.5829,100.3671
71,step,4,0,95.1267,idle,,0.0,,24.8733,191.138
72,step,0,0,39.726,idle,,0.0,,80.274,397.1164
72,step,1,0,55.2924,idle,,0.0,,64.7076,241.0598
72,step,2,0,62.9169,idle,,0.0,,57.0831,74.0625
72,step,3,0,65.4171,idle,,0.0,,54.5829,100.3671
72,step,4,0,95.1267,idle,,0.0,,24.8733,191.138
73,step,0,0,39.726,idle,,0.0,,80.274,397.1164
73,step,1,0,55.2924,idle,,0.0,,64.7076,241.0598
73,step,2,0,62.9169,idle,,0.0,,57.0831,74.0625
73,step,3,0,65.4171,idle,,0.0,,54.5829,100.3671
73,step,4,0,95.1267,idle,,0.0,,24.8733,191.138
74,step,0,0,39.726,idle,,0.0,,80.274,397.1164
74,step,1,0,55.2924,idle,,0.0,,64.7076,241.0598
74,step,2,0,62.9169,idle,,0.0,,57.0831,74.0625
74,step,3,0,65.4171,idle,,0.0,,54.5829,100.3671
74,step,4,0,95.1267,idle,,0.0,,24.8733,191.138
75,dispatch,0,0,39.726,moving_to_task,17,80.0,,80.274,397.1164
75,dispatch,1,0,55.2924,moving_to_task,17,9.35,,64.7076,241.0598
75,step,0,0,38.226,moving_to_task,17,80.0,,81.774,397.1164
75,step,1,0,53.7924,moving_to_task,17,9.35,,66.2076,241.0598
75,step,2,0,62.9169,idle,,0.0,,57.0831,74.0625
75,step,3,0,65.4171,idle,,0.0,,54.5829,100.3671
75,step,4,0,95.1267,idle,,0.0,,24.8733,191.138
76,step,0,0,36.726,moving_to_task,17,80.0,,83.274,397.1164
76,step,1,0,52.2924,moving_to_task,17,9.35,,67.7076,241.0598
76,step,2,0,62.9169,idle,,0.0,,57.0831,74.0625
76,step,3,0,65.4171,idle,,0.0,,54.5829,100.3671
76,step,4,0,95.1267,idle,,0.0,,24.8733,191.138
77,step,0,0,35.226,moving_to_task,17,80.0,,84.774,397.1164
77,step,1,0,50.7924,moving_to_task,17,9.35,,69.2076,241.0598
77,step,2,0,62.9169,idle,,0.0,,57.0831,74.0625
77,step,3,0,65.4171,idle,,0.0,,54.5829,100.3671
77,step,4,0,95.1267,idle,,0.0,,24.8733,191.138
78,step,0,0,33.726,moving_to_task,17,80.0,,86.274,397.1164
78,step,1,0,49.2924,moving_to_task,17,9.35,,70.7076,241.0598
78,step,2,0,62.9169,idle,,0.0,,57.0831,74.0625
78,step,3,0,65.4171,idle,,0.0,,54.5829,100.3671
78,step,4,0,95.1267,idle,,0.0,,24.8733,191.138
79,step,0,0,32.226,moving_to_task,17,80.0,,87.774,397.1164
79,step,1,0,47.7924,moving_to_task,17,9.35,,72.2076,241.0598
79,step,2,0,62.9169,idle,,0.0,,57.0831,74.0625
79,step,3,0,65.4171,idle,,0.0,,54.5829,100.3671
79,step,4,0,95.1267,idle,,0.0,,24.8733,191.138
80,step,0,0,30.726,moving_to_task,17,80.0,,89.274,397.1164
80,step,1,0,46.2924,moving_to_task,17,9.35,,73.7076,241.0598
80,step,2,0,62.9169,idle,,0.0,,57.0831,74.0625
80,step,3,0,65.4171,idle,,0.0,,54.5829,100.3671
80,step,4,0,95.1267,idle,,0.0,,24.8733,191.138
81,step,0,7,29.226,moving_to_task,17,80.0,,90.774,397.1164
81,step,1,7,44.7924,moving_to_task,17,9.35,,75.2076,241.0598
81,step,2,0,62.9169,idle,,0.0,,57.0831,74.0625
81,step,3,0,65.4171,idle,,0.0,,54.5829,100.3671
81,step,4,0,95.1267,idle,,0.0,,24.8733,191.138
82,step,0,7,27.726,moving_to_task,17,80.0,,92.274,397.1164
82,step,1,7,43.2924,moving_to_task,17,9.35,,76.7076,241.0598
82,step,2,0,62.9169,idle,,0.0,,57.0831,74.0625
82,step,3,0,65.4171,idle,,0.0,,54.5829,100.3671
82,step,4,0,95.1267,idle,,0.0,,24.8733,191.138
83,step,0,7,26.226,moving_to_task,17,80.0,,93.774,397.1164
83,step,1,7,41.7924,moving_to_task,17,9.35,,78.2076,241.0598
83,step,2,0,62.9169,idle,,0.0,,57.0831,74.0625
83,step,3,0,65.4171,idle,,0.0,,54.5829,100.3671
83,step,4,0,95.1267,idle,,0.0,,24.8733,191.138
84,step,0,7,24.726,moving_to_task,17,80.0,,95.274,397.1164
84,step,1,7,40.2924,moving_to_task,17,9.35,,79.7076,241.0598
84,step,2,0,62.9169,idle,,0.0,,57.0831,74.0625
84,step,3,0,65.4171,idle,,0.0,,54.5829,100.3671
84,step,4,0,95.1267,idle,,0.0,,24.8733,191.138
85,step,0,7,23.226,moving_to_task,17,80.0,,96.774,397.1164
85,step,1,7,38.7924,moving_to_task,17,9.35,,81.2076,241.0598
85,step,2,0,62.9169,idle,,0.0,,57.0831,74.0625
85,step,3,0,65.4171,idle,,0.0,,54.5829,100.3671
85,step,4,0,95.1267,idle,,0.0,,24.8733,191.138
86,dispatch,2,0,62.9169,moving_to_task,8,15.43,,57.0831,74.0625
86,task_finish,0,9,22.577,moving_to_task,,0.0,,97.423,397.1164
86,move_to_depot,0,9,22.577,moving_to_depot,,0.0,,97.423,397.1164
86,task_finish,1,9,38.1434,moving_to_task,,0.0,,81.8566,249.1406
86,move_to_depot,1,9,38.1434,moving_to_depot,,0.0,,81.8566,249.1406
86,step,0,9,22.577,moving_to_depot,,0.0,,97.423,466.2568
86,step,1,9,38.1434,moving_to_depot,,0.0,,81.8566,249.1406
86,step,2,0,61.4169,moving_to_task,8,15.43,,58.5831,74.0625
86,step,3,0,65.4171,idle,,0.0,,54.5829,100.3671
86,step,4,0,95.1267,idle,,0.0,,24.8733,191.138
87,step,0,9,21.077,moving_to_depot,,0.0,,98.923,466.2568
87,step,1,9,36.6434,moving_to_depot,,0.0,,83.3566,249.1406
87,step,2,0,59.9169,moving_to_task,8,15.43,,60.0831,74.0625
87,step,3,0,65.4171,idle,,0.0,,54.5829,100.3671
87,step,4,0,95.1267,idle,,0.0,,24.8733,191.138
88,step,0,9,19.577,moving_to_depot,,0.0,,100.423,466.2568
88,step,1,9,35.1434,moving_to_depot,,0.0,,84.8566,249.1406
88,step,2,3,58.4169,moving_to_task,8,15.43,,61.5831,74.0625
88,step,3,0,65.4171,idle,,0.0,,54.5829,100.3671
88,step,4,0,95.1267,idle,,0.0,,24.8733,191.138
89,step,0,9,18.077,moving_to_depot,,0.0,,101.923,466.2568
89,step,1,9,33.6434,moving_to_depot,,0.0,,86.3566,249.1406
89,step,2,3,56.9169,moving_to_task,8,15.43,,63.0831,74.0625
89,step,3,0,65.4171,idle,,0.0,,54.5829,100.3671
89,step,4,0,95.1267,idle,,0.0,,24.8733,191.138
90,task_finish,2,21,55.5735,moving_to_task,,0.0,,64.4265,168.8565
90,move_to_depot,2,21,55.5735,moving_to_depot,,0.0,,64.4265,168.8565
90,step,0,9,16.577,moving_to_depot,,0.0,,103.423,466.2568
90,step,1,9,32.1434,moving_to_depot,,0.0,,87.8566,249.1406
90,step,2,21,55.5735,moving_to_depot,,0.0,,64.4265,168.8565
90,step,3,0,65.4171,idle,,0.0,,54.5829,100.3671
90,step,4,0,95.1267,idle,,0.0,,24.8733,191.138
91,dispatch,3,0,65.4171,moving_to_task,12,4.91,,54.5829,100.3671
91,step,0,7,15.077,moving_to_depot,,0.0,,104.923,466.2568
91,step,1,7,30.6434,moving_to_depot,,0.0,,89.3566,249.1406
91,step,2,21,54.0735,moving_to_depot,,0.0,,65.9265,168.8565
91,step,3,0,63.9171,moving_to_task,12,4.91,,56.0829,100.3671
91,step,4,0,95.1267,idle,,0.0,,24.8733,191.138
92,step,0,7,13.577,moving_to_depot,,0.0,,106.423,466.2568
92,step,1,7,29.1434,moving_to_depot,,0.0,,90.8566,249.1406
92,step,2,21,52.5735,moving_to_depot,,0.0,,67.4265,168.8565
92,step,3,0,62.4171,moving_to_task,12,4.91,,57.5829,100.3671
92,step,4,0,95.1267,idle,,0.0,,24.8733,191.138
93,step,0,7,12.077,moving_to_depot,,0.0,,107.923,466.2568
93,step,1,7,27.6434,moving_to_depot,,0.0,,92.3566,249.1406
93,step,2,3,51.0735,moving_to_depot,,0.0,,68.9265,168.8565
93,step,3,0,60.9171,moving_to_task,12,4.91,,59.0829,100.3671
93,step,4,0,95.1267,idle,,0.0,,24.8733,191.138
94,step,0,7,10.577,moving_to_depot,,0.0,,109.423,466.2568
94,step,1,7,26.1434,moving_to_depot,,0.0,,93.8566,249.1406
94,step,2,3,49.5735,moving_to_depot,,0.0,,70.4265,168.8565
94,step,3,16,59.4171,moving_to_task,12,4.91,,60.5829,100.3671
94,step,4,0,95.1267,idle,,0.0,,24.8733,191.138
95,reach_depot,2,0,48.2302,idle,,0.0,,71.7698,168.8565
95,step,0,7,9.077,moving_to_depot,,0.0,,110.923,466.2568
95,step,1,7,24.6434,moving_to_depot,,0.0,,95.3566,249.1406
95,step,2,0,48.2302,idle,,0.0,,71.7698,168.8565
95,step,3,16,57.9171,moving_to_task,12,4.91,,62.0829,100.3671
95,step,4,0,95.1267,idle,,0.0,,24.8733,191.138
96,dispatch,2,0,48.2302,moving_to_task,18,26.85,,71.7698,168.8565
96,step,0,7,7.577,moving_to_depot,,0.0,,112.423,466.2568
96,step,1,7,23.1434,moving_to_depot,,0.0,,96.8566,249.1406
96,step,2,0,46.7302,moving_to_task,18,26.85,,73.2698,168.8565
96,step,3,16,56.4171,moving_to_task,12,4.91,,63.5829,100.3671
96,step,4,0,95.1267,idle,,0.0,,24.8733,191.138
97,dispatch,4,0,95.1267,moving_to_task,21,17.5,,24.8733,191.138
97,task_finish,3,25,56.044,moving_to_task,,0.0,,63.956,193.5432
97,move_to_depot,3,25,56.044,moving_to_depot,,0.0,,63.956,193.5432
97,step,0,7,6.077,moving_to_depot,,0.0,,113.923,466.2568
97,step,1,7,21.6434,moving_to_depot,,0.0,,98.3566,249.1406
97,step,2,0,45.2302,moving_to_task,18,26.85,,74.7698,168.8565
97,step,3,25,56.044,moving_to_depot,,0.0,,63.956,193.5432
97,step,4,0,93.6267,moving_to_task,21,17.5,,26.3733,191.138
98,reach_depot,0,0,5.428,idle,,0.0,,114.572,466.2568
98,reach_depot,1,0,20.9944,idle,,0.0,,99.0056,249.1406
98,move_to_charge,1,0,20.9944,moving_to_charge,,0.0,1,99.0056,249.1406
98,step,0,0,5.428,idle,,0.0,,114.572,466.2568
98,step,1,0,20.9944,moving_to_charge,,0.0,1,99.0056,249.1406
98,step,2,0,43.7302,moving_to_task,18,26.85,,76.2698,168.8565
98,step,3,25,54.544,moving_to_depot,,0.0,,65.456,193.5432
98,step,4,0,92.1267,moving_to_task,21,17.5,,27.8733,191.138
99,step,0,0,5.428,idle,,0.0,,114.572,466.2568
99,step,1,0,19.4944,moving_to_charge,,0.0,1,100.5056,249.1406
99,step,2,0,42.2302,moving_to_task,18,26.85,,77.7698,168.8565
99,step,3,25,53.044,moving_to_depot,,0.0,,66.956,193.5432
99,step,4,0,90.6267,moving_to_task,21,17.5,,29.3733,191.138
100,step,0,0,5.428,idle,,0.0,,114.572,466.2568
100,step,1,0,17.9944,moving_to_charge,,0.0,1,102.0056,249.1406
100,step,2,0,40.7302,moving_to_task,18,26.85,,79.2698,168.8565
100,step,3,16,51.544,moving_to_depot,,0.0,,68.456,193.5432
100,step,4,0,89.1267,moving_to_task,21,17.5,,30.8733,191.138
101,step,0,0,5.428,idle,,0.0,,114.572,466.2568
101,step,1,0,16.4944,moving_to_charge,,0.0,1,103.5056,249.1406
101,step,2,0,39.2302,moving_to_task,18,26.85,,80.7698,168.8565
101,step,3,16,50.044,moving_to_depot,,0.0,,69.956,193.5432
101,step,4,0,87.6267,moving_to_task,21,17.5,,32.3733,191.138
102,step,0,0,5.428,idle,,0.0,,114.572,466.2568
102,step,1,0,14.9944,moving_to_charge,,0.0,1,105.0056,249.1406
102,step,2,0,37.7302,moving_to_task,18,26.85,,82.2698,168.8565
102,step,3,16,48.544,moving_to_depot,,0.0,,71.456,193.5432
102,step,4,0,86.1267,moving_to_task,21,17.5,,33.8733,191.138
103,step,0,0,5.428,idle,,0.0,,114.572,466.2568
103,step,1,20,13.4944,moving_to_charge,,0.0,1,106.5056,249.1406
103,step,2,1,36.2302,moving_to_task,18,26.85,,83.7698,168.8565
103,step,3,16,47.044,moving_to_depot,,0.0,,72.956,193.5432
103,step,4,0,84.6267,moving_to_task,21,17.5,,35.3733,191.138
104,reach_depot,3,0,46.6709,idle,,0.0,,73.3291,193.5432
104,step,0,0,5.428,idle,,0.0,,114.572,466.2568
104,step,1,20,11.9944,moving_to_charge,,0.0,1,108.0056,249.1406
104,step,2,1,34.7302,moving_to_task,18,26.85,,85.2698,168.8565
104,step,3,0,46.6709,idle,,0.0,,73.3291,193.5432
104,step,4,1,83.1267,moving_to_task,21,17.5,,36.8733,191.138
105,dispatch,3,0,46.6709,moving_to_task,7,4.12,,73.3291,193.5432
105,step,0,0,5.428,idle,,0.0,,114.572,466.2568
105,step,1,20,10.4944,moving_to_charge,,0.0,1,109.5056,249.1406
105,step,2,1,33.2302,moving_to_task,18,26.85,,86.7698,168.8565
105,step,3,0,45.1709,moving_to_task,7,4.12,,74.8291,193.5432
105,step,4,1,81.6267,moving_to_task,21,17.5,,38.3733,191.138
106,step,0,0,5.428,idle,,0.0,,114.572,466.2568
106,step,1,20,8.9944,moving_to_charge,,0.0,1,111.0056,249.1406
106,step,2,1,31.7302,moving_to_task,18,26.85,,88.2698,168.8565
106,step,3,0,43.6709,moving_to_task,7,4.12,,76.3291,193.5432
106,step,4,1,80.1267,moving_to_task,21,17.5,,39.8733,191.138
107,queue_charge,1,27,8.8376,waiting_charge,,0.0,1,111.1624,249.1406
107,charge_start,1,27,8.8376,charging,,0.0,1,111.1624,249.1406
107,step,0,0,5.428,idle,,0.0,,114.572,466.2568
107,step,1,27,8.8376,charging,,0.0,1,111.1624,249.1406
107,step,2,1,30.2302,moving_to_task,18,26.85,,89.7698,168.8565
107,step,3,0,42.1709,moving_to_task,7,4.12,,77.8291,193.5432
107,step,4,1,78.6267,moving_to_task,21,17.5,,41.3733,191.138
108,step,0,0,5.428,idle,,0.0,,114.572,466.2568
108,step,1,27,14.8376,charging,,0.0,1,111.1624,249.1406
108,step,2,1,28.7302,moving_to_task,18,26.85,,91.2698,168.8565
108,step,3,16,40.6709,moving_to_task,7,4.12,,79.3291,193.5432
108,step,4,1,77.1267,moving_to_task,21,17.5,,42.8733,191.138
109,task_finish,2,6,28.6679,moving_to_task,,0.0,,91.3321,254.5191
109,move_to_depot,2,6,28.6679,moving_to_depot,,0.0,,91.3321,254.5191
109,task_finish,4,8,77.0126,moving_to_task,,0.0,,42.9874,277.8696
109,move_to_depot,4,8,77.0126,moving_to_depot,,0.0,,42.9874,277.8696
109,step,0,0,5.428,idle,,0.0,,114.572,466.2568
109,step,1,27,20.8376,charging,,0.0,1,111.1624,249.1406
109,step,2,6,28.6679,moving_to_depot,,0.0,,91.3321,254.5191
109,step,3,16,39.1709,moving_to_task,7,4.12,,80.8291,193.5432
109,step,4,8,77.0126,moving_to_depot,,0.0,,42.9874,277.8696
110,step,0,0,5.428,idle,,0.0,,114.572,466.2568
110,step,1,27,26.8376,charging,,0.0,1,111.1624,249.1406
110,step,2,6,27.1679,moving_to_depot,,0.0,,92.8321,254.5191
110,step,3,16,37.6709,moving_to_task,7,4.12,,82.3291,193.5432
110,step,4,8,75.5126,moving_to_depot,,0.0,,44.4874,277.8696
111,step,0,0,5.428,idle,,0.0,,114.572,466.2568
111,step,1,27,32.8376,charging,,0.0,1,111.1624,249.1406
111,step,2,6,25.6679,moving_to_depot,,0.0,,94.3321,254.5191
111,step,3,16,36.1709,moving_to_task,7,4.12,,83.8291,193.5432
111,step,4,8,74.0126,moving_to_depot,,0.0,,45.9874,277.8696
112,step,0,0,5.428,idle,,0.0,,114.572,466.2568
112,step,1,27,38.8376,charging,,0.0,1,111.1624,249.1406
112,step,2,6,24.1679,moving_to_depot,,0.0,,95.8321,254.5191
112,step,3,16,34.6709,moving_to_task,7,4.12,,85.3291,193.5432
112,step,4,8,72.5126,moving_to_depot,,0.0,,47.4874,277.8696
113,step,0,0,5.428,idle,,0.0,,114.572,466.2568
113,step,1,27,44.8376,charging,,0.0,1,111.1624,249.1406
113,step,2,6,22.6679,moving_to_depot,,0.0,,97.3321,254.5191
113,step,3,16,33.1709,moving_to_task,7,4.12,,86.8291,193.5432
113,step,4,8,71.0126,moving_to_depot,,0.0,,48.9874,277.8696
114,task_finish,3,2,32.0061,moving_to_task,,0.0,,87.9939,281.5443
114,move_to_depot,3,2,32.0061,moving_to_depot,,0.0,,87.9939,281.5443
114,step,0,0,5.428,idle,,0.0,,114.572,466.2568
114,step,1,27,50.8376,charging,,0.0,1,111.1624,249.1406
114,step,2,6,21.1679,moving_to_depot,,0.0,,98.8321,254.5191
114,step,3,2,32.0061,moving_to_depot,,0.0,,87.9939,281.5443
114,step,4,1,69.5126,moving_to_depot,,0.0,,50.4874,277.8696
115,step,0,0,5.428,idle,,0.0,,114.572,466.2568
115,step,1,27,56.8376,charging,,0.0,1,111.1624,249.1406
115,step,2,1,19.6679,moving_to_depot,,0.0,,100.3321,254.5191
115,step,3,2,30.5061,moving_to_depot,,0.0,,89.4939,281.5443
115,step,4,1,68.0126,moving_to_depot,,0.0,,51.9874,277.8696
116,step,0,0,5.428,idle,,0.0,,114.572,466.2568
116,step,1,27,62.8376,charging,,0.0,1,111.1624,249.1406
116,step,2,1,18.1679,moving_to_depot,,0.0,,101.8321,254.5191
116,step,3,2,29.0061,moving_to_depot,,0.0,,90.9939,281.5443
116,step,4,1,66.5126,moving_to_depot,,0.0,,53.4874,277.8696
117,step,0,0,5.428,idle,,0.0,,114.572,466.2568
117,step,1,27,68.8376,charging,,0.0,1,111.1624,249.1406
117,step,2,1,16.6679,moving_to_depot,,0.0,,103.3321,254.5191
117,step,3,2,27.5061,moving_to_depot,,0.0,,92.4939,281.5443
117,step,4,1,65.0126,moving_to_depot,,0.0,,54.9874,277.8696
118,step,0,0,5.428,idle,,0.0,,114.572,466.2568
118,step,1,27,74.8376,charging,,0.0,1,111.1624,249.1406
118,step,2,1,15.1679,moving_to_depot,,0.0,,104.8321,254.5191
118,step,3,2,26.0061,moving_to_depot,,0.0,,93.9939,281.5443
118,step,4,1,63.5126,moving_to_depot,,0.0,,56.4874,277.8696
119,step,0,0,5.428,idle,,0.0,,114.572,466.2568
119,step,1,27,80.8376,charging,,0.0,1,111.1624,249.1406
119,step,2,1,13.6679,moving_to_depot,,0.0,,106.3321,254.5191
119,step,3,2,24.5061,moving_to_depot,,0.0,,95.4939,281.5443
119,step,4,1,62.0126,moving_to_depot,,0.0,,57.9874,277.8696
120,step,0,0,5.428,idle,,0.0,,114.572,466.2568
120,step,1,27,86.8376,charging,,0.0,1,111.1624,249.1406
120,step,2,1,12.1679,moving_to_depot,,0.0,,107.8321,254.5191
120,step,3,2,23.0061,moving_to_depot,,0.0,,96.9939,281.5443
120,step,4,1,60.5126,moving_to_depot,,0.0,,59.4874,277.8696
121,step,0,0,5.428,idle,,0.0,,114.572,466.2568
121,step,1,27,92.8376,charging,,0.0,1,111.1624,249.1406
121,step,2,1,10.6679,moving_to_depot,,0.0,,109.3321,254.5191
121,step,3,16,21.5061,moving_to_depot,,0.0,,98.4939,281.5443
121,step,4,1,59.0126,moving_to_depot,,0.0,,60.9874,277.8696
122,reach_depot,4,0,58.8985,idle,,0.0,,61.1015,277.8696
122,step,0,0,5.428,idle,,0.0,,114.572,466.2568
122,step,1,27,98.8376,charging,,0.0,1,111.1624,249.1406
122,step,2,1,9.1679,moving_to_depot,,0.0,,110.8321,254.5191
122,step,3,16,20.0061,moving_to_depot,,0.0,,99.9939,281.5443
122,step,4,0,58.8985,idle,,0.0,,61.1015,277.8696
123,dispatch,4,0,58.8985,moving_to_task,3,27.02,,61.1015,277.8696
123,reach_depot,2,0,9.1056,idle,,0.0,,110.8944,254.5191
123,step,0,0,5.428,idle,,0.0,,114.572,466.2568
123,step,1,27,104.8376,charging,,0.0,1,111.1624,249.1406
123,step,2,0,9.1056,idle,,0.0,,110.8944,254.5191
123,step,3,16,18.5061,moving_to_depot,,0.0,,101.4939,281.5443
123,step,4,0,57.3985,moving_to_task,3,27.02,,62.6015,277.8696
124,reach_depot,3,0,17.3412,idle,,0.0,,102.6588,281.5443
124,move_to_charge,3,0,17.3412,moving_to_charge,,0.0,1,102.6588,281.5443
124,charge_finish,1,27,110.8376,idle,,0.0,,111.1624,249.1406
124,step,0,0,5.428,idle,,0.0,,114.572,466.2568
124,step,1,27,110.8376,idle,,0.0,,111.1624,249.1406
124,step,2,0,9.1056,idle,,0.0,,110.8944,254.5191
124,step,3,0,17.3412,moving_to_charge,,0.0,1,102.6588,281.5443
124,step,4,0,55.8985,moving_to_task,3,27.02,,64.1015,277.8696
125,dispatch,1,27,110.8376,moving_to_task,11,13.91,,111.1624,249.1406
125,step,0,0,5.428,idle,,0.0,,114.572,466.2568
125,step,1,27,109.3376,moving_to_task,11,13.91,,112.6624,249.1406
125,step,2,0,9.1056,idle,,0.0,,110.8944,254.5191
125,step,3,0,15.8412,moving_to_charge,,0.0,1,104.1588,281.5443
125,step,4,0,54.3985,moving_to_task,3,27.02,,65.6015,277.8696
126,step,0,0,5.428,idle,,0.0,,114.572,466.2568
126,step,1,27,107.8376,moving_to_task,11,13.91,,114.1624,249.1406
126,step,2,0,9.1056,idle,,0.0,,110.8944,254.5191
126,step,3,0,14.3412,moving_to_charge,,0.0,1,105.6588,281.5443
126,step,4,0,52.8985,moving_to_task,3,27.02,,67.1015,277.8696
127,step,0,0,5.428,idle,,0.0,,114.572,466.2568
127,step,1,27,106.3376,moving_to_task,11,13.91,,115.6624,249.1406
127,step,2,0,9.1056,idle,,0.0,,110.8944,254.5191
127,step,3,0,12.8412,moving_to_charge,,0.0,1,107.1588,281.5443
127,step,4,0,51.3985,moving_to_task,3,27.02,,68.6015,277.8696
128,step,0,0,5.428,idle,,0.0,,114.572,466.2568
128,step,1,27,104.8376,moving_to_task,11,13.91,,117.1624,249.1406
128,step,2,0,9.1056,idle,,0.0,,110.8944,254.5191
128,step,3,0,11.3412,moving_to_charge,,0.0,1,108.6588,281.5443
128,step,4,0,49.8985,moving_to_task,3,27.02,,70.1015,277.8696
129,dispatch,2,0,9.1056,moving_to_task,25,29.42,,110.8944,254.5191
129,step,0,0,5.428,idle,,0.0,,114.572,466.2568
129,step,1,20,103.3376,moving_to_task,11,13.91,,118.6624,249.1406
129,step,2,0,7.6056,moving_to_task,25,29.42,,112.3944,254.5191
129,step,3,20,9.8412,moving_to_charge,,0.0,1,110.1588,281.5443
129,step,4,0,48.3985,moving_to_task,3,27.02,,71.6015,277.8696
130,step,0,0,5.428,idle,,0.0,,114.572,466.2568
130,step,1,23,101.8376,moving_to_task,11,13.91,,120.1624,249.1406
130,step,2,0,6.1056,moving_to_task,25,29.42,,113.8944,254.5191
130,step,3,20,8.3412,moving_to_charge,,0.0,1,111.6588,281.5443
130,step,4,1,46.8985,moving_to_task,3,27.02,,73.1015,277.8696
131,task_finish,2,3,4.9349,moving_to_task,,0.0,,115.0651,351.6167
131,move_to_depot,2,3,4.9349,moving_to_depot,,0.0,,115.0651,351.6167
131,step,0,0,5.428,idle,,0.0,,114.572,466.2568
131,step,1,23,100.3376,moving_to_task,11,13.91,,121.6624,249.1406
131,step,2,3,4.9349,moving_to_depot,,0.0,,115.0651,351.6167
131,step,3,20,6.8412,moving_to_charge,,0.0,1,113.1588,281.5443
131,step,4,1,45.3985,moving_to_task,3,27.02,,74.6015,277.8696
132,step,0,0,5.428,idle,,0.0,,114.572,466.2568
132,step,1,23,98.8376,moving_to_task,11,13.91,,123.1624,249.1406
132,step,2,3,3.4349,moving_to_depot,,0.0,,116.5651,351.6167
132,step,3,20,5.3412,moving_to_charge,,0.0,1,114.6588,281.5443
132,step,4,1,43.8985,moving_to_task,3,27.02,,76.1015,277.8696
133,queue_charge,3,27,5.1844,waiting_charge,,0.0,1,114.8156,281.5443
133,charge_start,3,27,5.1844,charging,,0.0,1,114.8156,281.5443
133,step,0,0,5.428,idle,,0.0,,114.572,466.2568
133,step,1,23,97.3376,moving_to_task,11,13.91,,124.6624,249.1406
133,step,2,3,1.9349,moving_to_depot,,0.0,,118.0651,351.6167
133,step,3,27,5.1844,charging,,0.0,1,114.8156,281.5443
133,step,4,1,42.3985,moving_to_task,3,27.02,,77.6015,277.8696
134,reach_depot,2,0,0.7643,idle,,0.0,,119.2357,351.6167
134,task_finish,4,13,41.6884,moving_to_task,,0.0,,78.3116,360.5435
134,move_to_depot,4,13,41.6884,moving_to_depot,,0.0,,78.3116,360.5435
134,step,0,0,5.428,idle,,0.0,,114.572,466.2568
134,step,1,23,95.8376,moving_to_task,11,13.91,,126.1624,249.1406
134,step,2,0,0.7643,idle,,0.0,,119.2357,351.6167
134,step,3,27,11.1844,charging,,0.0,1,114.8156,281.5443
134,step,4,13,41.6884,moving_to_depot,,0.0,,78.3116,360.5435
135,step,0,0,5.428,idle,,0.0,,114.572,466.2568
135,step,1,5,94.3376,moving_to_task,11,13.91,,127.6624,249.1406
135,step,2,0,0.7643,idle,,0.0,,119.2357,351.6167
135,step,3,27,17.1844,charging,,0.0,1,114.8156,281.5443
135,step,4,13,40.1884,moving_to_depot,,0.0,,79.8116,360.5435
136,step,0,0,5.428,idle,,0.0,,114.572,466.2568
136,step,1,5,92.8376,moving_to_task,11,13.91,,129.1624,249.1406
136,step,2,0,0.7643,idle,,0.0,,119.2357,351.6167
136,step,3,27,23.1844,charging,,0.0,1,114.8156,281.5443
136,step,4,13,38.6884,moving_to_depot,,0.0,,81.3116,360.5435
137,step,0,0,5.428,idle,,0.0,,114.572,466.2568
137,step,1,5,91.3376,moving_to_task,11,13.91,,130.6624,249.1406
137,step,2,0,0.7643,idle,,0.0,,119.2357,351.6167
137,step,3,27,29.1844,charging,,0.0,1,114.8156,281.5443
137,step,4,13,37.1884,moving_to_depot,,0.0,,82.8116,360.5435
138,step,0,0,5.428,idle,,0.0,,114.572,466.2568
138,step,1,5,89.8376,moving_to_task,11,13.91,,132.1624,249.1406
138,step,2,0,0.7643,idle,,0.0,,119.2357,351.6167
138,step,3,27,35.1844,charging,,0.0,1,114.8156,281.5443
138,step,4,1,35.6884,moving_to_depot,,0.0,,84.3116,360.5435
139,step,0,0,5.428,idle,,0.0,,114.572,466.2568
139,step,1,5,88.3376,moving_to_task,11,13.91,,133.6624,249.1406
139,step,2,0,0.7643,idle,,0.0,,119.2357,351.6167
139,step,3,27,41.1844,charging,,0.0,1,114.8156,281.5443
139,step,4,1,34.1884,moving_to_depot,,0.0,,85.8116,360.5435
140,task_finish,1,18,88.3281,moving_to_task,,0.0,,133.6719,330.8348
140,move_to_depot,1,18,88.3281,moving_to_depot,,0.0,,133.6719,330.8348
140,step,0,0,5.428,idle,,0.0,,114.572,466.2568
140,step,1,18,88.3281,moving_to_depot,,0.0,,133.6719,330.8348
140,step,2,0,0.7643,idle,,0.0,,119.2357,351.6167
140,step,3,27,47.1844,charging,,0.0,1,114.8156,281.5443
140,step,4,1,32.6884,moving_to_depot,,0.0,,87.3116,360.5435
141,step,0,0,5.428,idle,,0.0,,114.572,466.2568
141,step,1,18,86.8281,moving_to_depot,,0.0,,135.1719,330.8348
141,step,2,0,0.7643,idle,,0.0,,119.2357,351.6167
141,step,3,27,53.1844,charging,,0.0,1,114.8156,281.5443
141,step,4,1,31.1884,moving_to_depot,,0.0,,88.8116,360.5435
142,step,0,0,5.428,idle,,0.0,,114.572,466.2568
142,step,1,8,85.3281,moving_to_depot,,0.0,,136.6719,330.8348
142,step,2,0,0.7643,idle,,0.0,,119.2357,351.6167
142,step,3,27,59.1844,charging,,0.0,1,114.8156,281.5443
142,step,4,1,29.6884,moving_to_depot,,0.0,,90.3116,360.5435
143,step,0,0,5.428,idle,,0.0,,114.572,466.2568
143,step,1,8,83.8281,moving_to_depot,,0.0,,138.1719,330.8348
143,step,2,0,0.7643,idle,,0.0,,119.2357,351.6167
143,step,3,27,65.1844,charging,,0.0,1,114.8156,281.5443
143,step,4,1,28.1884,moving_to_depot,,0.0,,91.8116,360.5435
144,step,0,0,5.428,idle,,0.0,,114.572,466.2568
144,step,1,8,82.3281,moving_to_depot,,0.0,,139.6719,330.8348
144,step,2,0,0.7643,idle,,0.0,,119.2357,351.6167
144,step,3,27,71.1844,charging,,0.0,1,114.8156,281.5443
144,step,4,1,26.6884,moving_to_depot,,0.0,,93.3116,360.5435
145,step,0,0,5.428,idle,,0.0,,114.572,466.2568
145,step,1,8,80.8281,moving_to_depot,,0.0,,141.1719,330.8348
145,step,2,0,0.7643,idle,,0.0,,119.2357,351.6167
145,step,3,27,77.1844,charging,,0.0,1,114.8156,281.5443
145,step,4,1,25.1884,moving_to_depot,,0.0,,94.8116,360.5435
146,reach_depot,4,0,24.4782,idle,,0.0,,95.5218,360.5435
146,step,0,0,5.428,idle,,0.0,,114.572,466.2568
146,step,1,1,79.3281,moving_to_depot,,0.0,,142.6719,330.8348
146,step,2,0,0.7643,idle,,0.0,,119.2357,351.6167
146,step,3,27,83.1844,charging,,0.0,1,114.8156,281.5443
146,step,4,0,24.4782,idle,,0.0,,95.5218,360.5435
147,dispatch,4,0,24.4782,moving_to_task,9,5.12,,95.5218,360.5435
147,step,0,0,5.428,idle,,0.0,,114.572,466.2568
147,step,1,1,77.8281,moving_to_depot,,0.0,,144.1719,330.8348
147,step,2,0,0.7643,idle,,0.0,,119.2357,351.6167
147,step,3,27,89.1844,charging,,0.0,1,114.8156,281.5443
147,step,4,0,22.9782,moving_to_task,9,5.12,,97.0218,360.5435
148,step,0,0,5.428,idle,,0.0,,114.572,466.2568
148,step,1,1,76.3281,moving_to_depot,,0.0,,145.6719,330.8348
148,step,2,0,0.7643,idle,,0.0,,119.2357,351.6167
148,step,3,27,95.1844,charging,,0.0,1,114.8156,281.5443
148,step,4,0,21.4782,moving_to_task,9,5.12,,98.5218,360.5435
149,task_finish,4,3,20.3076,moving_to_task,,0.0,,99.6924,454.6411
149,move_to_depot,4,3,20.3076,moving_to_depot,,0.0,,99.6924,454.6411
149,step,0,0,5.428,idle,,0.0,,114.572,466.2568
149,step,1,1,74.8281,moving_to_depot,,0.0,,147.1719,330.8348
149,step,2,0,0.7643,idle,,0.0,,119.2357,351.6167
149,step,3,27,101.1844,charging,,0.0,1,114.8156,281.5443
149,step,4,3,20.3076,moving_to_depot,,0.0,,99.6924,454.6411
150,step,0,0,5.428,idle,,0.0,,114.572,466.2568
150,step,1,1,73.3281,moving_to_depot,,0.0,,148.6719,330.8348
150,step,2,0,0.7643,idle,,0.0,,119.2357,351.6167
150,step,3,27,107.1844,charging,,0.0,1,114.8156,281.5443
150,step,4,3,18.8076,moving_to_depot,,0.0,,101.1924,454.6411
151,charge_finish,3,27,113.1844,idle,,0.0,,114.8156,281.5443
151,step,0,0,5.428,idle,,0.0,,114.572,466.2568
151,step,1,1,71.8281,moving_to_depot,,0.0,,150.1719,330.8348
151,step,2,0,0.7643,idle,,0.0,,119.2357,351.6167
151,step,3,27,113.1844,idle,,0.0,,114.8156,281.5443
151,step,4,3,17.3076,moving_to_depot,,0.0,,102.6924,454.6411
152,dispatch,3,27,113.1844,moving_to_task,5,27.42,,114.8156,281.5443
152,reach_depot,4,0,16.1369,idle,,0.0,,103.8631,454.6411
152,move_to_charge,4,0,16.1369,moving_to_charge,,0.0,1,103.8631,454.6411
152,step,0,0,5.428,idle,,0.0,,114.572,466.2568
152,step,1,1,70.3281,moving_to_depot,,0.0,,151.6719,330.8348
152,step,2,0,0.7643,idle,,0.0,,119.2357,351.6167
152,step,3,27,111.6844,moving_to_task,5,27.42,,116.3156,281.5443
152,step,4,0,16.1369,moving_to_charge,,0.0,1,103.8631,454.6411
153,step,0,0,5.428,idle,,0.0,,114.572,466.2568
153,step,1,1,68.8281,moving_to_depot,,0.0,,153.1719,330.8348
153,step,2,0,0.7643,idle,,0.0,,119.2357,351.6167
153,step,3,27,110.1844,moving_to_task,5,27.42,,117.8156,281.5443
153,step,4,0,14.6369,moving_to_charge,,0.0,1,105.3631,454.6411
154,reach_depot,1,0,68.2194,idle,,0.0,,153.7806,330.8348
154,step,0,0,5.428,idle,,0.0,,114.572,466.2568
154,step,1,0,68.2194,idle,,0.0,,153.7806,330.8348
154,step,2,0,0.7643,idle,,0.0,,119.2357,351.6167
154,step,3,27,108.6844,moving_to_task,5,27.42,,119.3156,281.5443
154,step,4,0,13.1369,moving_to_charge,,0.0,1,106.8631,454.6411
155,dispatch,1,0,68.2194,moving_to_task,10,6.62,,153.7806,330.8348
155,task_finish,3,24,108.4044,moving_to_task,,0.0,,119.5956,374.2763
155,move_to_depot,3,24,108.4044,moving_to_depot,,0.0,,119.5956,374.2763
155,step,0,0,5.428,idle,,0.0,,114.572,466.2568
155,step,1,0,66.7194,moving_to_task,10,6.62,,155.2806,330.8348
155,step,2,0,0.7643,idle,,0.0,,119.2357,351.6167
155,step,3,24,108.4044,moving_to_depot,,0.0,,119.5956,374.2763
155,step,4,0,11.6369,moving_to_charge,,0.0,1,108.3631,454.6411
156,step,0,0,5.428,idle,,0.0,,114.572,466.2568
156,step,1,0,65.2194,moving_to_task,10,6.62,,156.7806,330.8348
156,step,2,0,0.7643,idle,,0.0,,119.2357,351.6167
156,step,3,24,106.9044,moving_to_depot,,0.0,,121.0956,374.2763
156,step,4,0,10.1369,moving_to_charge,,0.0,1,109.8631,454.6411
157,step,0,0,5.428,idle,,0.0,,114.572,466.2568
157,step,1,0,63.7194,moving_to_task,10,6.62,,158.2806,330.8348
157,step,2,0,0.7643,idle,,0.0,,119.2357,351.6167
157,step,3,24,105.4044,moving_to_depot,,0.0,,122.5956,374.2763
157,step,4,20,8.6369,moving_to_charge,,0.0,1,111.3631,454.6411
158,task_finish,1,19,62.3878,moving_to_task,,0.0,,159.6122,423.3358
158,move_to_depot,1,19,62.3878,moving_to_depot,,0.0,,159.6122,423.3358
158,step,0,0,5.428,idle,,0.0,,114.572,466.2568
158,step,1,19,62.3878,moving_to_depot,,0.0,,159.6122,423.3358
158,step,2,0,0.7643,idle,,0.0,,119.2357,351.6167
158,step,3,7,103.9044,moving_to_depot,,0.0,,124.0956,374.2763
158,step,4,20,7.1369,moving_to_charge,,0.0,1,112.8631,454.6411
159,step,0,0,5.428,idle,,0.0,,114.572,466.2568
159,step,1,19,60.8878,moving_to_depot,,0.0,,161.1122,423.3358
159,step,2,0,0.7643,idle,,0.0,,119.2357,351.6167
159,step,3,7,102.4044,moving_to_depot,,0.0,,125.5956,374.2763
159,step,4,20,5.6369,moving_to_charge,,0.0,1,114.3631,454.6411
160,step,0,0,5.428,idle,,0.0,,114.572,466.2568
160,step,1,19,59.3878,moving_to_depot,,0.0,,162.6122,423.3358
160,step,2,0,0.7643,idle,,0.0,,119.2357,351.6167
160,step,3,7,100.9044,moving_to_depot,,0.0,,127.0956,374.2763
160,step,4,20,4.1369,moving_to_charge,,0.0,1,115.8631,454.6411
161,queue_charge,4,27,3.9801,waiting_charge,,0.0,1,116.0199,454.6411
161,charge_start,4,27,3.9801,charging,,0.0,1,116.0199,454.6411
161,step,0,0,5.428,idle,,0.0,,114.572,466.2568
161,step,1,19,57.8878,moving_to_depot,,0.0,,164.1122,423.3358
161,step,2,0,0.7643,idle,,0.0,,119.2357,351.6167
161,step,3,7,99.4044,moving_to_depot,,0.0,,128.5956,374.2763
161,step,4,27,3.9801,charging,,0.0,1,116.0199,454.6411
162,reach_depot,1,0,56.5561,idle,,0.0,,165.4439,423.3358
162,step,0,0,5.428,idle,,0.0,,114.572,466.2568
162,step,1,0,56.5561,idle,,0.0,,165.4439,423.3358
162,step,2,0,0.7643,idle,,0.0,,119.2357,351.6167
162,step,3,7,97.9044,moving_to_depot,,0.0,,130.0956,374.2763
162,step,4,27,9.9801,charging,,0.0,1,116.0199,454.6411
163,dispatch,1,0,56.5561,moving_to_task,16,10.98,,165.4439,423.3358
163,step,0,0,5.428,idle,,0.0,,114.572,466.2568
163,step,1,0,55.0561,moving_to_task,16,10.98,,166.9439,423.3358
163,step,2,0,0.7643,idle,,0.0,,119.2357,351.6167
163,step,3,7,96.4044,moving_to_depot,,0.0,,131.5956,374.2763
163,step,4,27,15.9801,charging,,0.0,1,116.0199,454.6411
164,reach_depot,3,0,94.991,idle,,0.0,,133.009,374.2763
164,step,0,0,5.428,idle,,0.0,,114.572,466.2568
164,step,1,0,53.5561,moving_to_task,16,10.98,,168.4439,423.3358
164,step,2,0,0.7643,idle,,0.0,,119.2357,351.6167
164,step,3,0,94.991,idle,,0.0,,133.009,374.2763
164,step,4,27,21.9801,charging,,0.0,1,116.0199,454.6411
165,dispatch,3,0,94.991,moving_to_task,14,19.1,,133.009,374.2763
165,step,0,0,5.428,idle,,0.0,,114.572,466.2568
165,step,1,0,52.0561,moving_to_task,16,10.98,,169.9439,423.3358
165,step,2,0,0.7643,idle,,0.0,,119.2357,351.6167
165,step,3,0,93.491,moving_to_task,14,19.1,,134.509,374.2763
165,step,4,27,27.9801,charging,,0.0,1,116.0199,454.6411
166,step,0,0,5.428,idle,,0.0,,114.572,466.2568
166,step,1,0,50.5561,moving_to_task,16,10.98,,171.4439,423.3358
166,step,2,0,0.7643,idle,,0.0,,119.2357,351.6167
166,step,3,0,91.991,moving_to_task,14,19.1,,136.009,374.2763
166,step,4,27,33.9801,charging,,0.0,1,116.0199,454.6411
167,task_finish,3,10,91.1235,moving_to_task,,0.0,,136.8765,471.3558
167,move_to_depot,3,10,91.1235,moving_to_depot,,0.0,,136.8765,471.3558
167,step,0,0,5.428,idle,,0.0,,114.572,466.2568
167,step,1,0,49.0561,moving_to_task,16,10.98,,172.9439,423.3358
167,step,2,0,0.7643,idle,,0.0,,119.2357,351.6167
167,step,3,10,91.1235,moving_to_depot,,0.0,,136.8765,471.3558
167,step,4,27,39.9801,charging,,0.0,1,116.0199,454.6411
168,step,0,0,5.428,idle,,0.0,,114.572,466.2568
168,step,1,0,47.5561,moving_to_task,16,10.98,,174.4439,423.3358
168,step,2,0,0.7643,idle,,0.0,,119.2357,351.6167
168,step,3,10,89.6235,moving_to_depot,,0.0,,138.3765,471.3558
168,step,4,27,45.9801,charging,,0.0,1,116.0199,454.6411
169,step,0,0,5.428,idle,,0.0,,114.572,466.2568
169,step,1,0,46.0561,moving_to_task,16,10.98,,175.9439,423.3358
169,step,2,0,0.7643,idle,,0.0,,119.2357,351.6167
169,step,3,10,88.1235,moving_to_depot,,0.0,,139.8765,471.3558
169,step,4,27,51.9801,charging,,0.0,1,116.0199,454.6411
170,task_finish,1,1,44.8238,moving_to_task,,0.0,,177.1762,508.0965
170,move_to_depot,1,1,44.8238,moving_to_depot,,0.0,,177.1762,508.0965
170,reach_depot,3,0,87.2559,idle,,0.0,,140.7441,471.3558
170,step,0,0,5.428,idle,,0.0,,114.572,466.2568
170,step,1,1,44.8238,moving_to_depot,,0.0,,177.1762,508.0965
170,step,2,0,0.7643,idle,,0.0,,119.2357,351.6167
170,step,3,0,87.2559,idle,,0.0,,140.7441,471.3558
170,step,4,27,57.9801,charging,,0.0,1,116.0199,454.6411
171,dispatch,3,0,87.2559,moving_to_task,13,10.1,,140.7441,471.3558
171,step,0,0,5.428,idle,,0.0,,114.572,466.2568
171,step,1,1,43.3238,moving_to_depot,,0.0,,178.6762,508.0965
171,step,2,0,0.7643,idle,,0.0,,119.2357,351.6167
171,step,3,0,85.7559,moving_to_task,13,10.1,,142.2441,471.3558
171,step,4,27,63.9801,charging,,0.0,1,116.0199,454.6411
172,step,0,0,5.428,idle,,0.0,,114.572,466.2568
172,step,1,1,41.8238,moving_to_depot,,0.0,,180.1762,508.0965
172,step,2,0,0.7643,idle,,0.0,,119.2357,351.6167
172,step,3,0,84.2559,moving_to_task,13,10.1,,143.7441,471.3558
172,step,4,27,69.9801,charging,,0.0,1,116.0199,454.6411
173,step,0,0,5.428,idle,,0.0,,114.572,466.2568
173,step,1,1,40.3238,moving_to_depot,,0.0,,181.6762,508.0965
173,step,2,0,0.7643,idle,,0.0,,119.2357,351.6167
173,step,3,0,82.7559,moving_to_task,13,10.1,,145.2441,471.3558
173,step,4,27,75.9801,charging,,0.0,1,116.0199,454.6411
174,step,0,0,5.428,idle,,0.0,,114.572,466.2568
174,step,1,1,38.8238,moving_to_depot,,0.0,,183.1762,508.0965
174,step,2,0,0.7643,idle,,0.0,,119.2357,351.6167
174,step,3,19,81.2559,moving_to_task,13,10.1,,146.7441,471.3558
174,step,4,27,81.9801,charging,,0.0,1,116.0199,454.6411
175,step,0,0,5.428,idle,,0.0,,114.572,466.2568
175,step,1,1,37.3238,moving_to_depot,,0.0,,184.6762,508.0965
175,step,2,0,0.7643,idle,,0.0,,119.2357,351.6167
175,step,3,19,79.7559,moving_to_task,13,10.1,,148.2441,471.3558
175,step,4,27,87.9801,charging,,0.0,1,116.0199,454.6411
176,step,0,0,5.428,idle,,0.0,,114.572,466.2568
176,step,1,1,35.8238,moving_to_depot,,0.0,,186.1762,508.0965
176,step,2,0,0.7643,idle,,0.0,,119.2357,351.6167
176,step,3,19,78.2559,moving_to_task,13,10.1,,149.7441,471.3558
176,step,4,27,93.9801,charging,,0.0,1,116.0199,454.6411
177,step,0,0,5.428,idle,,0.0,,114.572,466.2568
177,step,1,1,34.3238,moving_to_depot,,0.0,,187.6762,508.0965
177,step,2,0,0.7643,idle,,0.0,,119.2357,351.6167
177,step,3,19,76.7559,moving_to_task,13,10.1,,151.2441,471.3558
177,step,4,27,99.9801,charging,,0.0,1,116.0199,454.6411
178,reach_depot,1,0,33.0915,idle,,0.0,,188.9085,508.0965
178,step,0,0,5.428,idle,,0.0,,114.572,466.2568
178,step,1,0,33.0915,idle,,0.0,,188.9085,508.0965
178,step,2,0,0.7643,idle,,0.0,,119.2357,351.6167
178,step,3,19,75.2559,moving_to_task,13,10.1,,152.7441,471.3558
178,step,4,27,105.9801,charging,,0.0,1,116.0199,454.6411
179,dispatch,1,0,33.0915,moving_to_task,24,16.29,,188.9085,508.0965
179,task_finish,3,12,74.6661,moving_to_task,,0.0,,153.3339,558.6019
179,move_to_depot,3,12,74.6661,moving_to_depot,,0.0,,153.3339,558.6019
179,charge_finish,4,27,111.9801,idle,,0.0,,116.0199,454.6411
179,step,0,0,5.428,idle,,0.0,,114.572,466.2568
179,step,1,0,31.5915,moving_to_task,24,16.29,,190.4085,508.0965
179,step,2,0,0.7643,idle,,0.0,,119.2357,351.6167
179,step,3,12,74.6661,moving_to_depot,,0.0,,153.3339,558.6019
179,step,4,27,111.9801,idle,,0.0,,116.0199,454.6411
